code;lieu;sexe;att1;att2;att3;att4;att5;rep1;rep2;rep3;rep4;rep5
001;UPC;femme;DEU;ESP;NLD;ITA;GBR;ISR;ARE;USA;RUS;BLR
002;UPC;femme;ITA;NLD;THA;MAR;CAN;NGA;AFG;IRQ;IND;
003;UPC;femme;CHN;SGP;MYS;;;RUS;MEX;USA;JPN;ARE
004;UPC;femme;ESP;LUX;GBR;;;ARE;ARG;USA;;
005;UPC;femme;DEU;GBR;MCO;CAN;ITA;USA;ISR;;;
006;UPC;homme;USA;ITA;CAN;TUN;;TUR;ISR;NGA;CHN;PAK
007;UPC;homme;DEU;SWE;IRL;JPN;CAN;ISR;USA;ARE;RUS;
008;UPC;femme;ARG;ESP;NOR;CAN;CHL;CHN;AFG;ISR;SDN;ARE
009;UPC;homme;ESP;BRA;CAN;CHE;AUS;IND;RUS;CHN;ISR;GEO
010;UPC;femme;CAN;CHE;CIV;USA;;PRK;NGA;;;
011;UPC;femme;NLD;CIV;ZAF;USA;THA;NGA;AFG;IRQ;RUS;ARG
012;UPC;femme;REU;ITA;ESP;BRA;CAN;SDN;IRN;CHN;ISR;RUS
013;UPC;femme;PYF;PER;ITA;LKA;AUS;CHN;RUS;IRN;ISR;USA
014;UPC;femme;ESP;ITA;MEX;CRI;;ISR;AUS;QAT;USA;ARE
015;UPC;homme;BEL;ITA;;;;BGD;IND;ISR;SAU;QAT
016;UPC;homme;CRI;BWA;FRA;JPN;CHE;AFG;TKM;SYR;MDA;SSD
017;UPC;homme;CHN;HKG;SGP;RUS;SLV;USA;SAU;ARE;LBY;EGY
018;UPC;homme;ESP;BGR;DEU;MAR;CHN;AFG;USA;RUS;PRK;KOR
019;UPC;femme;CHE;CAN;JPN;CHN;SGP;IND;ISR;USA;GBR;
020;UPC;homme;VNM;ISL;SEN;THA;ITA;PHL;RUS;TUR;AFG;DEU
021;UPC;homme;ESP;ITA;DEU;;;AFG;PSE;YEM;SDN;
022;UPC;homme;ITA;GRC;URY;SWE;MAR;SDN;DEU;GBR;ARE;USA
023;UPC;femme;ITA;ESP;USA;ARG;;AUS;RUS;DEU;;
024;UPC;femme;IRL;ITA;EGY;OMN;SWE;AFG;BRA;UKR;SDN;COD
025;UPC;femme;JPN;ESP;MTQ;KOR;;ISR;IND;RUS;USA;GBR
026;UPC;femme;NOR;ITA;SGP;;;RUS;ISR;USA;;
027;UPC;femme;CHL;MEX;CHN;ESP;;ISR;USA;GBR;;
028;UPC;homme;FRA;JPN;USA;BEL;CHE;IRQ;PRK;AFG;KWT;SOM
029;UPC;femme;CAN;ISL;FIN;NOR;ESP;AFG;DZA;ITA;IND;CUB
030;UPC;femme;GBR;CHE;MDV;BEN;SAU;PSE;IRN;NER;AFG;RUS
031;UPC;homme;FIN;THA;JPN;CHN;NOR;RUS;USA;GBR;ZAF;IND
032;UPC;homme;LIE;ESP;AUT;MEX;AND;ARE;AFG;MCO;SGP;QAT
033;UPC;homme;NOR;SVN;PRT;CAN;LUX;SDN;OMN;IRN;PRK;COD
034;UPC;homme;ITA;CHN;JPN;KOR;NOR;COL;CHN;SAU;SSD;IND
035;UPC;femme;DEU;FRA;CAN;GBR;JPN;IRN;KWT;NGA;LBN;IND
036;UPC;femme;ARM;USA;ITA;CHE;GBR;COL;PRK;AFG;COD;AZE
037;UPC;femme;GBR;USA;CAN;ITA;CMR;IND;LBY;PAK;DZA;SDN
038;UPC;homme;CHE;GBR;BEL;ITA;NLD;UKR;RUS;USA;CHN;IRN
039;UPC;homme;ESP;CHE;NOR;NLD;ITA;IRN;ARE;SOM;RUS;PRK
040;UPC;homme;PER;ARG;CHE;NPL;ITA;IRN;ISR;CHN;SOM;USA
041;UPC;homme;GRC;ITA;ESP;PRT;JPN;ISR;PRK;IND;RUS;
042;UPC;homme;ESP;JPN;THA;BRA;PRT;RUS;PRK;BLR;IRN;ISR
043;UPC;femme;FIN;BEL;JPN;ITA;ISL;IRN;ISR;LBY;GTM;USA
044;UPC;femme;ITA;BEL;ESP;;;UKR;AFG;IRN;RUS;USA
045;UPC;femme;ITA;ESP;JPN;KOR;;AFG;IRN;PRK;PSE;ISR
046;UPC;homme;ESP;PRT;CHE;ITA;TUR;AFG;PRK;TCD;SDN;YEM
047;UPC;homme;TUR;ITA;ESP;CHE;;ISR;IRN;SRB;POL;RUS
048;UPC;homme;ESP;USA;JPN;MYS;DEU;AUT;ITA;RUS;ISR;IRN
049;UPC;homme;ITA;VNM;ESP;IDN;CAN;PRK;AFG;SAU;QAT;USA
050;UPC;homme;USA;GBR;IRL;ITA;CHN;AFG;SYR;YEM;ARE;QAT
051;UPC;femme;GBR;ARE;BRA;SGP;IDN;ISR;USA;;;
052;UPC;femme;ITA;TWN;CAN;KOR;BRA;IRQ;IRN;SYR;PSE;ISR
053;UPC;femme;SAU;FRA;GBR;;;ISR;RUS;IND;AFG;IRN
054;UPC;homme;BRA;COL;CUB;JPN;CAN;QAT;SAU;USA;CHN;GBR
055;UPC;homme;DEU;GBR;AUT;TWN;CHE;QAT;IRN;USA;AFG;RUS
056;UPC;homme;ITA;ESP;DEU;CAN;;IRN;ISR;PSE;IRQ;SYR
057;UPC;homme;GBR;ITA;;;;ISR;IRN;RUS;UKR;SYR
058;UPC;homme;ITA;AUS;SEN;BRA;IDN;RUS;POL;LTU;UKR;QAT
059;UPC;homme;TWN;VNM;ESP;JPN;ITA;IRN;ISR;PRK;PSE;IRQ
060;UPC;femme;VNM;JPN;GBR;CHE;DEU;AFG;IRN;PSE;PRK;USA
061;UPC;femme;ITA;CRI;CHN;BRA;PRT;USA;RUS;ISR;ARE;AUS
064;USSEIN;homme;FRA;CAN;ESP;USA;CHN;CIV;BEL;TUN;IRN;IRQ
065;USSEIN;femme;MEX;CIV;MAR;FRA;RUS;NGA;LBY;MLI;ZAF;
066;USSEIN;femme;BRA;GBR;CPV;ZAF;MEX;PSE;PER;DZA;MAR;IND
067;USSEIN;femme;CAN;FRA;ITA;USA;CHE;RUS;ESP;MAR;AUS;MEX
068;USSEIN;homme;CAN;FRA;QAT;ESP;ZAF;CIV;USA;ITA;BEN;MAR
069;USSEIN;femme;KOR;CHN;JPN;GBR;SWE;FRA;GHA;GIN;TWN;TGO
070;USSEIN;homme;CAN;FRA;ESP;MAR;GIN;ISR;CAF;ITA;IND;DZA
071;USSEIN;homme;JPN;MCO;CHE;CAN;TZA;ISR;DZA;EGY;GIN;BFA
072;USSEIN;homme;CAN;ESP;BRA;GBR;BEL;AFG;IRN;IRQ;ITA;MAR
073;USSEIN;femme;NGA;DZA;MAR;CIV;EGY;MLI;BFA;GIN;MRT;NER
074;USSEIN;homme;CHN;CAN;ZAF;JPN;PRK;FRA;ITA;MLI;GMB;AUS
075;USSEIN;homme;SEN;CHN;ESP;;;GHA;CIV;MLI;LBY;MAR
076;USSEIN;femme;CAN;CHN;TUR;FRA;;ISR;BEN;MAR;UKR;MLI
077;USSEIN;femme;FRA;BEL;ESP;CAN;DEU;IRN;IRQ;ISR;;
078;USSEIN;homme;BEL;FRA;CAN;CIV;ESP;DEU;ARG;ITA;RUS;MAR
079;USSEIN;homme;DEU;RUS;CAN;ARG;AUS;FRA;ESP;GAB;;
080;USSEIN;femme;DEU;ITA;CAN;BEL;;ESP;NER;MLI;TUN;GAB
081;USSEIN;homme;USA;GBR;DEU;CAN;FRA;IRN;ISR;MLI;COD;ETH
082;USSEIN;homme;FRA;SEN;BEL;CHE;LUX;AGO;GHA;SLE;LBR;NER
083;USSEIN;homme;FRA;USA;ESP;CAN;BEL;ISR;IRN;CHN;GIN;MRT
084;USSEIN;homme;ZAF;CHE;BFA;MAR;;ARG;LBY;ISR;AFG;USA
085;USSEIN;femme;CAN;FRA;MLI;AGO;;GMB;MAR;MRT;ESP;EGY
086;USSEIN;homme;LUX;CAN;GHA;MAR;QAT;IND;USA;IRN;ITA;BRA
087;USSEIN;homme;ESP;DEU;RUS;;;FRA;ITA;CHE;CAN;MAR
088;USSEIN;femme;USA;CHN;GMB;CAN;IND;FRA;AUS;LUX;;
089;USSEIN;femme;CAN;ITA;FRA;;;GMB;NGA;GAB;CIV;IRN
090;USSEIN;femme;CAN;DEU;CIV;SAU;CHN;IRN;ISR;IRQ;MEX;
091;USSEIN;homme;BEL;BWA;GBR;MAR;ESP;CAN;COL;GIN;SDN;AFG
092;USSEIN;homme;DEU;CHE;CHN;CAN;SAU;ISR;AFG;MEX;CHL;ALB
093;USSEIN;homme;CHN;JPN;CAN;CHE;ZAF;ISR;SLV;NER;;
094;USSEIN;homme;DEU;CAN;ESP;ITA;FRA;ISR;USA;MEX;BRA;COL
095;USSEIN;femme;CAN;FRA;DZA;ARE;DEU;PSE;LBY;RUS;GIN;
096;USSEIN;homme;FRA;DEU;GBR;ESP;CAN;IRN;TUN;SSD;GRC;POL
097;USSEIN;homme;ITA;FRA;ESP;;;COL;CHN;IND;DEU;RUS
098;USSEIN;homme;USA;FRA;DEU;CHN;GBR;IRN;MEX;SDN;BRA;CAN
099;USSEIN;femme;CAN;LUX;CHE;USA;FRA;IND;IRN;EGY;MAR;BEN
100;USSEIN;homme;CAN;USA;FRA;MAR;CHN;CIV;ETH;RUS;ISR;PRK
101;USSEIN;femme;CAN;CHE;USA;MAR;ZAF;SDN;ETH;RUS;KOR;MEX
102;USSEIN;femme;FIN;CHE;GBR;MAR;ESP;GBR;ISR;FRA;ITA;PRK
103;USSEIN;femme;SAU;CAN;MAR;LUX;CIV;FRA;PRK;ZAF;SDN;
104;USSEIN;femme;FRA;RUS;JPN;USA;ZAF;MAR;UKR;DZA;;
105;USSEIN;femme;DEU;GBR;RUS;CAN;JPN;ISR;VEN;USA;HUN;BLR
106;USSEIN;femme;CAN;FRA;NOR;USA;DEU;ISR;RUS;IRN;UKR;TCD
107;USSEIN;femme;FRA;CAN;CHE;MCO;LUX;UKR;ISR;SDN;HTI;SYR
108;USSEIN;femme;CHN;USA;ITA;ESP;ZAF;GIN;EGY;ISR;PSE;
109;USSEIN;homme;FRA;BRA;CAN;USA;CPV;LBY;IRN;ISR;ARG;COL
110;USSEIN;homme;JPN;CAN;NOR;TUN;FRA;MDG;UKR;MEX;;
111;USSEIN;femme;FRA;CAN;CHE;USA;GBR;IRN;IRQ;UKR;MAR;NGA
112;USSEIN;homme;PSE;RWA;ZAF;CHN;RUS;ISR;BRA;JAM;USA;PRK
113;USSEIN;femme;SAU;FRA;TUR;CAN;MAR;ISR;NGA;LBY;COL;
114;USSEIN;femme;SEN;FRA;CHN;USA;CAN;MAR;MLI;CIV;IRN;COG
115;USSEIN;femme;CAN;;;;;SEN;;;;
116;USSEIN;homme;SEN;FRA;CAN;CHE;BEL;USA;MEX;CUB;ISR;
117;USSEIN;femme;ESP;CAN;CHN;JPN;ITA;FRA;MRT;MAR;PRK;GIN
118;USSEIN;femme;CAN;JPN;USA;CHN;FRA;MAR;DZA;MLI;LBY;NGA
119;USSEIN;homme;CAN;LUX;FRA;USA;TUR;MLI;SEN;ISR;GMB;LBY
120;USSEIN;femme;USA;JPN;CHN;MRT;;DEU;;;;
121;USSEIN;homme;GBR;USA;ESP;NLD;ETH;ISR;PSE;FRA;CUB;IRN
122;USSEIN;homme;CAN;FRA;ITA;ESP;TUR;CIV;MAR;KEN;PSE;CMR
123;USSEIN;homme;USA;CAN;GBR;FRA;ITA;;;;;
124;USSEIN;homme;CAN;GBR;BEL;FRA;SEN;ISR;PSE;BEN;MEX;
125;USSEIN;homme;CAN;FRA;DEU;ESP;;ISR;USA;MAR;BRA;IRN
126;USSEIN;homme;JPN;CHN;ARE;LUX;ITA;ISR;LBN;IRN;GHA;BEN
127;USSEIN;femme;DEU;FRA;CAN;ITA;ESP;USA;IRL;IRN;JPN;NLD
128;USSEIN;femme;CAN;USA;GBR;DEU;;FRA;ITA;PRT;BEL;NLD
129;USSEIN;homme;CAN;ESP;USA;DEU;GBR;ISR;CIV;IRN;DZA;PSE
130;USSEIN;homme;ESP;USA;FRA;GBR;CAN;ISR;PSE;MEX;COL;PRT
131;USSEIN;homme;USA;CAN;GBR;ESP;BEL;FRA;COL;VEN;MEX;AUS
132;USSEIN;homme;FRA;CAN;USA;SAU;BRA;ISR;IRN;PSE;KWT;ARG
133;USSEIN;femme;CAN;MAR;FRA;RWA;DEU;AFG;PRK;SYR;YEM;UKR
134;USSEIN;femme;FRA;BEL;USA;CAN;ITA;CHN;DEU;MAR;ARG;ESP
135;USSEIN;homme;CAN;DEU;ZAF;PRT;;;;;;
136;USSEIN;homme;CAN;ESP;BRA;MAR;;FRA;ITA;GAB;BEL;PRT
137;USSEIN;femme;ITA;CAN;PRT;DEU;;FRA;IND;;;
138;USSEIN;femme;CAN;MAR;FRA;BRA;JPN;CHN;EGY;AUS;DEU;
139;USSEIN;femme;CAN;IRN;ESP;;;MRT;DZA;MAR;FRA;
140;USSEIN;homme;CPV;MDG;CAN;ESP;;ISR;FRA;BRA;ARG;
141;USSEIN;homme;FRA;CHN;ITA;CAN;;ISR;ETH;MYS;AGO;PAK
142;USSEIN;homme;ESP;CHE;ITA;;;RUS;NGA;AFG;IND;NER
143;USSEIN;homme;FRA;ESP;IND;SAU;DEU;TUN;ITA;NOR;;
144;USSEIN;homme;IND;SAU;ESP;;TUR;DEU;FRA;ISR;MAR;DZA
145;USSEIN;homme;CAN;JPN;TUR;SAU;;NGA;CMR;AGO;BFA;NER
146;USSEIN;homme;DEU;ESP;CPV;ZAF;ITA;GAB;IRN;MRT;GNB;IRQ
147;USSEIN;homme;FRA;BEL;CAN;FIN;;LBY;AFG;SDN;UKR;HTI
148;USSEIN;femme;CAN;ESP;CHN;KOR;;PRK;IRQ;ISR;AFG;MAR
149;USSEIN;homme;ESP;FRA;DEU;ITA;;UKR;RUS;JPN;CHN;